{"mainCode": "{\n}\n","signalName2Idx": {"one": 0,"main.product": 1,"main.factors[0]": 2,"main.factors[1]": 3,"main.factors[2]": 4,"main.smallOdd[0].in": 2,"main.smallOdd[0].binaryDecomposition.in": 2,"main.smallOdd[0].binaryDecomposition.bits[0]": 5,"main.smallOdd[0].binaryDecomposition.bits[1]": 6,"main.smallOdd[0].binaryDecomposition.bits[2]": 7,"main.smallOdd[0].binaryDecomposition.bits[3]": 8,"main.smallOdd[0].binaryDecomposition.bits[4]": 9,"main.smallOdd[0].binaryDecomposition.bits[5]": 10,"main.smallOdd[0].binaryDecomposition.bits[6]": 11,"main.smallOdd[0].binaryDecomposition.bits[7]": 12,"main.smallOdd[1].in": 3,"main.smallOdd[1].binaryDecomposition.in": 3,"main.smallOdd[1].binaryDecomposition.bits[0]": 13,"main.smallOdd[1].binaryDecomposition.bits[1]": 14,"main.smallOdd[1].binaryDecomposition.bits[2]": 15,"main.smallOdd[1].binaryDecomposition.bits[3]": 16,"main.smallOdd[1].binaryDecomposition.bits[4]": 17,"main.smallOdd[1].binaryDecomposition.bits[5]": 18,"main.smallOdd[1].binaryDecomposition.bits[6]": 19,"main.smallOdd[1].binaryDecomposition.bits[7]": 20,"main.smallOdd[2].in": 4,"main.smallOdd[2].binaryDecomposition.in": 4,"main.smallOdd[2].binaryDecomposition.bits[0]": 21,"main.smallOdd[2].binaryDecomposition.bits[1]": 22,"main.smallOdd[2].binaryDecomposition.bits[2]": 23,"main.smallOdd[2].binaryDecomposition.bits[3]": 24,"main.smallOdd[2].binaryDecomposition.bits[4]": 25,"main.smallOdd[2].binaryDecomposition.bits[5]": 26,"main.smallOdd[2].binaryDecomposition.bits[6]": 27,"main.smallOdd[2].binaryDecomposition.bits[7]": 28,"main.partialProducts[0]": 32,"main.partialProducts[1]": 29,"main.partialProducts[2]": 30,"main.partialProducts[3]": 31},"components": [{"name": "main","params": {"n": "3","b": "8"},"template": "SmallOddFactorization","inputSignals": 4},{"name": "main.smallOdd[0]","params": {"b": "8"},"template": "SmallOdd","inputSignals": 1},{"name": "main.smallOdd[1]","params": {"b": "8"},"template": "SmallOdd","inputSignals": 1},{"name": "main.smallOdd[2]","params": {"b": "8"},"template": "SmallOdd","inputSignals": 1},{"name": "main.smallOdd[0].binaryDecomposition","params": {"b": "8"},"template": "Num2Bits","inputSignals": 1},{"name": "main.smallOdd[1].binaryDecomposition","params": {"b": "8"},"template": "Num2Bits","inputSignals": 1},{"name": "main.smallOdd[2].binaryDecomposition","params": {"b": "8"},"template": "Num2Bits","inputSignals": 1}],"componentName2Idx": {"main": 0,"main.smallOdd[0]": 1,"main.smallOdd[1]": 2,"main.smallOdd[2]": 3,"main.smallOdd[0].binaryDecomposition": 4,"main.smallOdd[1].binaryDecomposition": 5,"main.smallOdd[2].binaryDecomposition": 6},"signals": [{"names": ["one"],"triggerComponents": []},{"names": ["main.product"],"triggerComponents": [0]},{"names": ["main.factors[0]","main.smallOdd[0].in","main.smallOdd[0].binaryDecomposition.in"],"triggerComponents": [0,1,4]},{"names": ["main.factors[1]","main.smallOdd[1].in","main.smallOdd[1].binaryDecomposition.in"],"triggerComponents": [0,2,5]},{"names": ["main.factors[2]","main.smallOdd[2].in","main.smallOdd[2].binaryDecomposition.in"],"triggerComponents": [0,3,6]},{"names": ["main.smallOdd[0].binaryDecomposition.bits[0]"],"triggerComponents": []},{"names": ["main.smallOdd[0].binaryDecomposition.bits[1]"],"triggerComponents": []},{"names": ["main.smallOdd[0].binaryDecomposition.bits[2]"],"triggerComponents": []},{"names": ["main.smallOdd[0].binaryDecomposition.bits[3]"],"triggerComponents": []},{"names": ["main.smallOdd[0].binaryDecomposition.bits[4]"],"triggerComponents": []},{"names": ["main.smallOdd[0].binaryDecomposition.bits[5]"],"triggerComponents": []},{"names": ["main.smallOdd[0].binaryDecomposition.bits[6]"],"triggerComponents": []},{"names": ["main.smallOdd[0].binaryDecomposition.bits[7]"],"triggerComponents": []},{"names": ["main.smallOdd[1].binaryDecomposition.bits[0]"],"triggerComponents": []},{"names": ["main.smallOdd[1].binaryDecomposition.bits[1]"],"triggerComponents": []},{"names": ["main.smallOdd[1].binaryDecomposition.bits[2]"],"triggerComponents": []},{"names": ["main.smallOdd[1].binaryDecomposition.bits[3]"],"triggerComponents": []},{"names": ["main.smallOdd[1].binaryDecomposition.bits[4]"],"triggerComponents": []},{"names": ["main.smallOdd[1].binaryDecomposition.bits[5]"],"triggerComponents": []},{"names": ["main.smallOdd[1].binaryDecomposition.bits[6]"],"triggerComponents": []},{"names": ["main.smallOdd[1].binaryDecomposition.bits[7]"],"triggerComponents": []},{"names": ["main.smallOdd[2].binaryDecomposition.bits[0]"],"triggerComponents": []},{"names": ["main.smallOdd[2].binaryDecomposition.bits[1]"],"triggerComponents": []},{"names": ["main.smallOdd[2].binaryDecomposition.bits[2]"],"triggerComponents": []},{"names": ["main.smallOdd[2].binaryDecomposition.bits[3]"],"triggerComponents": []},{"names": ["main.smallOdd[2].binaryDecomposition.bits[4]"],"triggerComponents": []},{"names": ["main.smallOdd[2].binaryDecomposition.bits[5]"],"triggerComponents": []},{"names": ["main.smallOdd[2].binaryDecomposition.bits[6]"],"triggerComponents": []},{"names": ["main.smallOdd[2].binaryDecomposition.bits[7]"],"triggerComponents": []},{"names": ["main.partialProducts[1]"],"triggerComponents": []},{"names": ["main.partialProducts[2]"],"triggerComponents": []},{"names": ["main.partialProducts[3]"],"triggerComponents": []},{"names": ["main.partialProducts[0]"],"triggerComponents": []}],"constraints": [[{"0": "10944121435919637611123202872628637544274182200208017171849102093287904247808","2": "10944121435919637611123202872628637544274182200208017171849102093287904247809","7": "21888242871839275222246405745257275088548364400416034343698204186575808495615","8": "21888242871839275222246405745257275088548364400416034343698204186575808495613","9": "21888242871839275222246405745257275088548364400416034343698204186575808495609","10": "21888242871839275222246405745257275088548364400416034343698204186575808495601","11": "21888242871839275222246405745257275088548364400416034343698204186575808495585","12": "21888242871839275222246405745257275088548364400416034343698204186575808495553"},{"0": "10944121435919637611123202872628637544274182200208017171849102093287904247810","2": "10944121435919637611123202872628637544274182200208017171849102093287904247808","7": "2","8": "4","9": "8","10": "16","11": "32","12": "64"},{}],[{"7": "1"},{"0": "1","7": "21888242871839275222246405745257275088548364400416034343698204186575808495616"},{}],[{"8": "1"},{"0": "1","8": "21888242871839275222246405745257275088548364400416034343698204186575808495616"},{}],[{"9": "1"},{"0": "1","9": "21888242871839275222246405745257275088548364400416034343698204186575808495616"},{}],[{"10": "1"},{"0": "1","10": "21888242871839275222246405745257275088548364400416034343698204186575808495616"},{}],[{"11": "1"},{"0": "1","11": "21888242871839275222246405745257275088548364400416034343698204186575808495616"},{}],[{"12": "1"},{"0": "1","12": "21888242871839275222246405745257275088548364400416034343698204186575808495616"},{}],[{"0": "10944121435919637611123202872628637544274182200208017171849102093287904247808","3": "10944121435919637611123202872628637544274182200208017171849102093287904247809","15": "21888242871839275222246405745257275088548364400416034343698204186575808495615","16": "21888242871839275222246405745257275088548364400416034343698204186575808495613","17": "21888242871839275222246405745257275088548364400416034343698204186575808495609","18": "21888242871839275222246405745257275088548364400416034343698204186575808495601","19": "21888242871839275222246405745257275088548364400416034343698204186575808495585","20": "21888242871839275222246405745257275088548364400416034343698204186575808495553"},{"0": "10944121435919637611123202872628637544274182200208017171849102093287904247810","3": "10944121435919637611123202872628637544274182200208017171849102093287904247808","15": "2","16": "4","17": "8","18": "16","19": "32","20": "64"},{}],[{"15": "1"},{"0": "1","15": "21888242871839275222246405745257275088548364400416034343698204186575808495616"},{}],[{"16": "1"},{"0": "1","16": "21888242871839275222246405745257275088548364400416034343698204186575808495616"},{}],[{"17": "1"},{"0": "1","17": "21888242871839275222246405745257275088548364400416034343698204186575808495616"},{}],[{"18": "1"},{"0": "1","18": "21888242871839275222246405745257275088548364400416034343698204186575808495616"},{}],[{"19": "1"},{"0": "1","19": "21888242871839275222246405745257275088548364400416034343698204186575808495616"},{}],[{"20": "1"},{"0": "1","20": "21888242871839275222246405745257275088548364400416034343698204186575808495616"},{}],[{"0": "10944121435919637611123202872628637544274182200208017171849102093287904247808","4": "10944121435919637611123202872628637544274182200208017171849102093287904247809","23": "21888242871839275222246405745257275088548364400416034343698204186575808495615","24": "21888242871839275222246405745257275088548364400416034343698204186575808495613","25": "21888242871839275222246405745257275088548364400416034343698204186575808495609","26": "21888242871839275222246405745257275088548364400416034343698204186575808495601","27": "21888242871839275222246405745257275088548364400416034343698204186575808495585","28": "21888242871839275222246405745257275088548364400416034343698204186575808495553"},{"0": "10944121435919637611123202872628637544274182200208017171849102093287904247810","4": "10944121435919637611123202872628637544274182200208017171849102093287904247808","23": "2","24": "4","25": "8","26": "16","27": "32","28": "64"},{}],[{"23": "1"},{"0": "1","23": "21888242871839275222246405745257275088548364400416034343698204186575808495616"},{}],[{"24": "1"},{"0": "1","24": "21888242871839275222246405745257275088548364400416034343698204186575808495616"},{}],[{"25": "1"},{"0": "1","25": "21888242871839275222246405745257275088548364400416034343698204186575808495616"},{}],[{"26": "1"},{"0": "1","26": "21888242871839275222246405745257275088548364400416034343698204186575808495616"},{}],[{"27": "1"},{"0": "1","27": "21888242871839275222246405745257275088548364400416034343698204186575808495616"},{}],[{"28": "1"},{"0": "1","28": "21888242871839275222246405745257275088548364400416034343698204186575808495616"},{}],[{"2": "21888242871839275222246405745257275088548364400416034343698204186575808495616"},{"3": "1"},{"30": "21888242871839275222246405745257275088548364400416034343698204186575808495616"}],[{"30": "21888242871839275222246405745257275088548364400416034343698204186575808495616"},{"4": "1"},{"1": "21888242871839275222246405745257275088548364400416034343698204186575808495616"}]],"templates": {"Num2Bits": "function(ctx) {\n    for (ctx.setVar(\"i\", [], \"0\");bigInt(bigInt(ctx.getVar(\"i\",[])).lt(bigInt(ctx.getVar(\"b\",[]))) ? 1 : 0).neq(bigInt(0));ctx.setVar(\"i\", [], bigInt(ctx.getVar(\"i\",[])).add(bigInt(\"1\")).mod(__P__))) { \n    {\n        ctx.setSignal(\"bits\", [ctx.getVar(\"i\",[])], bigInt(bigInt(ctx.getVar(\"i\",[])).greater(bigInt(256)) ? 0 : bigInt(ctx.getSignal(\"in\", [])).shr(bigInt(ctx.getVar(\"i\",[]))).and(__MASK__)).and(bigInt(\"1\")).and(__MASK__));\n    }\n\n     }\n    for (ctx.setVar(\"i\", [], \"0\");bigInt(bigInt(ctx.getVar(\"i\",[])).lt(bigInt(ctx.getVar(\"b\",[]))) ? 1 : 0).neq(bigInt(0));ctx.setVar(\"i\", [], bigInt(ctx.getVar(\"i\",[])).add(bigInt(\"1\")).mod(__P__))) { \n    {\n        ctx.assert(bigInt(ctx.getSignal(\"bits\", [ctx.getVar(\"i\",[])])).mul(bigInt(bigInt(\"1\").add(__P__).sub(bigInt(ctx.getSignal(\"bits\", [ctx.getVar(\"i\",[])]))).mod(__P__))).mod(__P__), \"0\", \"/Users/nautilik/Dropbox/OnlineDocuments/2019/classes/cs251/projects/proj4/circuits/example.circom:45\");\n    }\n\n     }\n    ctx.setVar(\"sum_of_bits\", [], \"0\");\n    for (ctx.setVar(\"i\", [], \"0\");bigInt(bigInt(ctx.getVar(\"i\",[])).lt(bigInt(ctx.getVar(\"b\",[]))) ? 1 : 0).neq(bigInt(0));ctx.setVar(\"i\", [], bigInt(ctx.getVar(\"i\",[])).add(bigInt(\"1\")).mod(__P__))) { \n    {\n        ctx.setVar(\"sum_of_bits\", [], bigInt(ctx.getVar(\"sum_of_bits\",[])).add(bigInt(bigInt(bigInt(\"2\").modPow(bigInt(ctx.getVar(\"i\",[])), __P__)).mul(bigInt(ctx.getSignal(\"bits\", [ctx.getVar(\"i\",[])]))).mod(__P__))).mod(__P__));\n    }\n\n     }\n    ctx.assert(ctx.getVar(\"sum_of_bits\",[]), ctx.getSignal(\"in\", []), \"/Users/nautilik/Dropbox/OnlineDocuments/2019/classes/cs251/projects/proj4/circuits/example.circom:59\");\n}\n","SmallOdd": "function(ctx) {\n    ctx.setPin(\"binaryDecomposition\", [], \"in\", [], ctx.getSignal(\"in\", []));\n    ctx.assert(ctx.getPin(\"binaryDecomposition\", [], \"in\", []), ctx.getSignal(\"in\", []), \"/Users/nautilik/Dropbox/OnlineDocuments/2019/classes/cs251/projects/proj4/circuits/example.circom:77\");\n    ctx.assert(ctx.getPin(\"binaryDecomposition\", [], \"bits\", [\"0\"]), \"1\", \"/Users/nautilik/Dropbox/OnlineDocuments/2019/classes/cs251/projects/proj4/circuits/example.circom:80\");\n}\n","SmallOddFactorization": "function(ctx) {\n    for (ctx.setVar(\"i\", [], \"0\");bigInt(bigInt(ctx.getVar(\"i\",[])).lt(bigInt(ctx.getVar(\"n\",[]))) ? 1 : 0).neq(bigInt(0));ctx.setVar(\"i\", [], bigInt(ctx.getVar(\"i\",[])).add(bigInt(\"1\")).mod(__P__))) { \n    {\n        ctx.setPin(\"smallOdd\", [ctx.getVar(\"i\",[])], \"in\", [], ctx.getSignal(\"factors\", [ctx.getVar(\"i\",[])]));\n        ctx.assert(ctx.getPin(\"smallOdd\", [ctx.getVar(\"i\",[])], \"in\", []), ctx.getSignal(\"factors\", [ctx.getVar(\"i\",[])]), \"/Users/nautilik/Dropbox/OnlineDocuments/2019/classes/cs251/projects/proj4/circuits/example.circom:102\");\n    }\n\n     }\n    ctx.setSignal(\"partialProducts\", [\"0\"], \"1\");\n    ctx.assert(ctx.getSignal(\"partialProducts\", [\"0\"]), \"1\", \"/Users/nautilik/Dropbox/OnlineDocuments/2019/classes/cs251/projects/proj4/circuits/example.circom:109\");\n    for (ctx.setVar(\"i\", [], \"0\");bigInt(bigInt(ctx.getVar(\"i\",[])).lt(bigInt(ctx.getVar(\"n\",[]))) ? 1 : 0).neq(bigInt(0));ctx.setVar(\"i\", [], bigInt(ctx.getVar(\"i\",[])).add(bigInt(\"1\")).mod(__P__))) { \n    {\n        ctx.setSignal(\"partialProducts\", [bigInt(ctx.getVar(\"i\",[])).add(bigInt(\"1\"))], bigInt(ctx.getSignal(\"partialProducts\", [ctx.getVar(\"i\",[])])).mul(bigInt(ctx.getSignal(\"factors\", [ctx.getVar(\"i\",[])]))).mod(__P__));\n        ctx.assert(ctx.getSignal(\"partialProducts\", [bigInt(ctx.getVar(\"i\",[])).add(bigInt(\"1\"))]), bigInt(ctx.getSignal(\"partialProducts\", [ctx.getVar(\"i\",[])])).mul(bigInt(ctx.getSignal(\"factors\", [ctx.getVar(\"i\",[])]))).mod(__P__), \"/Users/nautilik/Dropbox/OnlineDocuments/2019/classes/cs251/projects/proj4/circuits/example.circom:111\");\n    }\n\n     }\n    ctx.assert(ctx.getSignal(\"product\", []), ctx.getSignal(\"partialProducts\", [ctx.getVar(\"n\",[])]), \"/Users/nautilik/Dropbox/OnlineDocuments/2019/classes/cs251/projects/proj4/circuits/example.circom:113\");\n}\n"},"functions": {},"nPrvInputs": 3,"nPubInputs": 1,"nInputs": 4,"nOutputs": 0,"nVars": 32,"nConstants": 1,"nSignals": 33}